{"cameraMode":{"drawMode":0,"name":"Shaded","section":"Shading Mode"},"sceneLighting":true,"audioPlay":false,"sceneViewState":{"m_AlwaysRefresh":false,"showFog":true,"showSkybox":true,"showFlares":true,"showImageEffects":true,"showParticleSystems":true,"showVisualEffectGraphs":true,"m_FxEnabled":true},"in2DMode":false,"pivot":{"x":0.07056533545255661,"y":0.9868902564048767,"z":0.5339904427528381},"rotation":{"x":-0.013132375665009022,"y":0.9008166193962097,"z":-0.02731182798743248,"w":-0.4331448972225189},"size":1.1660254001617432,"orthographic":false}