{"cameraMode":{"drawMode":0,"name":"Shaded","section":"Shading Mode"},"sceneLighting":true,"audioPlay":false,"sceneViewState":{"m_AlwaysRefresh":false,"showFog":true,"showSkybox":true,"showFlares":true,"showImageEffects":true,"showParticleSystems":true,"showVisualEffectGraphs":true,"m_FxEnabled":true},"in2DMode":false,"pivot":{"x":0.18219804763793946,"y":1.3465629816055298,"z":-0.013778984546661377},"rotation":{"x":0.027936836704611779,"y":-0.9625598788261414,"z":0.10904882103204727,"w":0.24659377336502076},"size":5.425255298614502,"orthographic":false}